time,x,y,velocity,acceleration
0.0,6771000.0,0.0,7672.4904132836045,8.694005190064809
1.8432249321946683e-07,6771000.0,0.0014142125621788915,7672.4904132836045,8.694005190064809
2.027547425414135e-06,6771000.0,0.015556338183967806,7672.4904132836045,8.694005190064809
2.0459796747360818e-05,6770999.999999998,0.15697759440185693,7672.4904132836045,8.694005190064807
0.00020478228996682765,6770999.999999817,1.5711901565807347,7672.4904132836045,8.694005190064809
0.002048007222161496,6770999.999981767,15.713315778355557,7672.4904132836045,8.69400519006481
0.020480256544108177,6770999.998176688,157.13457198215428,7672.4904132836045,8.694005190064813
0.204802749763575,6770999.8176686,1571.3471200705903,7672.4904132836045,8.694005190064813
2.048027681958243,6770981.76686492,15713.458651404282,7672.4904132836045,8.694005190064813
12.048027681958242,6770369.020764499,92435.50547351196,7672.4904132836255,8.694005190064848
22.048027681958242,6768886.964464912,169145.6836474815,7672.490413283646,8.694005190064887
32.048027681958246,6766535.788261053,245834.14364516133,7672.490413283668,8.694005190064924
42.048027681958246,6763315.794042148,322491.0387269971,7672.490413283689,8.694005190064962
52.048027681958246,6759227.395252988,399106.5262063455,7672.490413283711,8.694005190064999
62.048027681958246,6754271.116840848,475670.76871326764,7672.490413283733,8.694005190065038
72.04802768195825,6748447.595188081,552173.9354576399,7672.490413283755,8.694005190065077
82.04802768195825,6741757.578030411,628606.2034914198,7672.4904132837755,8.694005190065118
92.04802768195825,6734201.924360919,704957.7589699051,7672.490413283797,8.694005190065155
102.04802768195825,6725781.60431975,781218.7984118237,7672.490413283819,8.694005190065191
112.04802768195825,6716497.699069553,857379.5299580934,7672.490413283841,8.694005190065232
122.04802768195825,6706351.4006566545,933430.1746290891,7672.490413283862,8.694005190065269
132.04802768195825,6695344.011858002,1009360.9675802559,7672.490413283884,8.694005190065306
142.04802768195825,6683476.946013892,1085162.1593559084,7672.490413283906,8.694005190065344
152.04802768195825,6670751.726846493,1160824.0171410525,7672.4904132839265,8.694005190065385
162.04802768195825,6657169.988264204,1236336.8260110721,7672.490413283947,8.694005190065424
172.04802768195825,6642733.474151862,1311690.8901791177,7672.490413283969,8.694005190065464
182.04802768195825,6627444.038146826,1386876.534241038,7672.49041328399,8.6940051900655
192.04802768195825,6611303.643400976,1461884.104417694,7672.490413284012,8.694005190065539
202.04802768195825,6594314.36232864,1536703.9697944978,7672.490413284033,8.694005190065575
212.04802768195825,6576478.376340501,1611326.5235580138,7672.490413284055,8.694005190065614
222.04802768195825,6557797.975563506,1685742.1842294666,7672.490413284076,8.694005190065653
232.04802768195825,6538275.558546813,1759941.3968949951,7672.490413284097,8.694005190065692
242.04802768195825,6517913.631953822,1833914.634432497,7672.4904132841175,8.694005190065731
252.04802768195825,6496714.81024032,1907652.398734903,7672.490413284138,8.694005190065765
262.0480276819583,6474681.815318785,1981145.2219297276,7672.49041328416,8.694005190065806
272.0480276819583,6451817.476208898,2054383.6675947348,7672.490413284181,8.694005190065841
282.0480276819583,6428124.728674297,2127358.33196957,7672.490413284201,8.694005190065877
292.0480276819583,6403606.614845627,2200059.845163193,7672.490413284223,8.694005190065917
302.0480276819583,6378266.282829933,2272478.8723569675,7672.490413284243,8.694005190065951
312.0480276819583,6352106.986306448,2344606.115003242,7672.490413284264,8.694005190065988
322.0480276819583,6325132.084108816,2416432.3120192788,7672.490413284285,8.694005190066024
332.0480276819583,6297345.039793832,2487948.2409763676,7672.490413284306,8.694005190066063
342.0480276819583,6268749.421196712,2559144.7192839803,7672.490413284327,8.694005190066095
352.0480276819583,6239348.899972992,2630012.605368807,7672.490413284348,8.694005190066132
362.0480276819583,6209147.251127089,2700542.7998485276,7672.490413284368,8.694005190066168
372.0480276819583,6178148.352527595,2770726.246700166,7672.490413284388,8.694005190066207
382.0480276819583,6146356.184409359,2840553.9344228753,7672.490413284408,8.69400519006624
392.0480276819583,6113774.828862426,2910016.8971950095,7672.490413284428,8.694005190066276
402.0480276819583,6080408.469307908,2979106.216025326,7672.490413284448,8.694005190066314
412.0480276819583,6046261.389960826,3047813.019898179,7672.490413284467,8.694005190066347
422.0480276819583,6011337.975280029,3116128.4869125504,7672.490413284488,8.694005190066381
432.0480276819583,5975642.709405225,3184043.8454147745,7672.490413284508,8.694005190066418
442.0480276819583,5939180.175581225,3251550.375124813,7672.490413284527,8.694005190066447
452.0480276819583,5901955.055569459,3318639.408255931,7672.490413284547,8.694005190066482
462.0480276819583,5863972.129046837,3385302.330627635,7672.490413284566,8.694005190066514
472.0480276819583,5825236.2729920475,3451530.582771727,7672.490413284586,8.694005190066548
482.0480276819583,5785752.461059353,3517315.6610313323,7672.490413284604,8.694005190066584
492.0480276819583,5745525.762939979,3582649.118652765,7672.490413284623,8.694005190066616
502.0480276819583,5704561.3437111685,3647522.5668700836,7672.490413284642,8.694005190066648
512.0480276819583,5662864.463172989,3711927.6759822005,7672.4904132846605,8.694005190066681
522.0480276819583,5620440.475172981,3775856.1764224116,7672.49041328468,8.694005190066715
532.0480276819583,5577294.826918725,3839299.859820201,7672.490413284698,8.694005190066745
542.0480276819583,5533433.058278427,3902250.5800551907,7672.490413284716,8.694005190066777
552.0480276819583,5488860.801069602,3964700.2543030945,7672.490413284733,8.69400519006681
562.0480276819583,5443583.778335953,4026640.864073548,7672.490413284751,8.69400519006684
572.0480276819583,5397607.803612537,4088064.4562396756,7672.49041328477,8.694005190066862
582.0480276819583,5350938.78017931,4148963.1440592664,7672.490413284786,8.694005190066896
592.0480276819583,5303582.700303153,4209329.108187426,7672.490413284803,8.694005190066923
602.0480276819583,5255545.6444684705,4269154.597680573,7672.49041328482,8.694005190066953
612.0480276819583,5206833.780596455,4328431.930991657,7672.490413284837,8.694005190066983
622.0480276819583,5157453.363253136,4387153.496956461,7672.490413284855,8.694005190067012
632.0480276819583,5107410.732846297,4445311.75577087,7672.490413284871,8.694005190067037
642.0480276819583,5056712.314811372,4502899.2399589745,7672.490413284888,8.694005190067065
652.0480276819583,5005364.618786424,4559908.555331892,7672.490413284904,8.694005190067092
662.0480276819583,4953374.237776314,4616332.381937173,7672.490413284921,8.694005190067118
672.0480276819583,4900747.84730616,4672163.474998676,7672.490413284936,8.694005190067143
682.0480276819583,4847492.204564212,4727394.665846795,7672.490413284952,8.694005190067175
692.0480276819583,4793614.147534227,4782018.862838906,7672.490413284968,8.694005190067198
702.0480276819583,4739120.594117481,4836029.052269935,7672.490413284984,8.694005190067221
712.0480276819583,4684018.541244515,4889418.299272905,7672.490413285,8.694005190067248
722.0480276819583,4628315.063976734,4942179.748709375,7672.490413285014,8.694005190067273
732.0480276819583,4572017.3145979745,4994306.6260496285,7672.490413285029,8.694005190067292
742.0480276819583,4515132.521696158,5045792.238242521,7672.490413285043,8.694005190067317
752.0480276819583,4457667.989235144,5096629.974574862,7672.490413285058,8.69400519006734
762.0480276819583,4399631.09561691,5146813.307520226,7672.4904132850725,8.694005190067362
772.0480276819583,4341029.292734164,5196335.79357708,7672.490413285086,8.694005190067385
782.0480276819583,4281870.105013534,5245191.074096127,7672.4904132851,8.694005190067404
792.0480276819583,4222161.128449434,5293372.876096752,7672.490413285113,8.694005190067424
802.0480276819583,4161910.0296287443,5340875.013072461,7672.490413285127,8.694005190067447
812.0480276819583,4101124.544746427,5387691.385785233,7672.49041328514,8.694005190067465
822.0480276819583,4039812.4786122064,5433815.983048652,7672.4904132851525,8.694005190067486
832.0480276819583,3977981.703648437,5479242.882499741,7672.490413285165,8.6940051900675
842.0480276819583,3915640.1588792885,5523966.251359387,7672.490413285177,8.69400519006752
852.0480276819583,3852795.8489113837,5567980.347181266,7672.49041328519,8.694005190067541
862.0480276819583,3789456.8429060113,5611279.518589171,7672.4904132852025,8.694005190067555
872.0480276819583,3725631.273543053,5653858.20600264,7672.490413285214,8.694005190067577
882.0480276819583,3661327.335976753,5695710.942350806,7672.490413285225,8.694005190067589
892.0480276819583,3596553.286783466,5736832.353774362,7672.490413285237,8.694005190067607
902.0480276819583,3531317.442901521,5777217.160315564,7672.490413285248,8.69400519006762
912.0480276819583,3465628.18056333,5816860.176596167,7672.49041328526,8.694005190067637
922.0480276819583,3399493.9342198893,5855756.31248323,7672.49041328527,8.69400519006765
932.0480276819583,3332923.195457799,5893900.573742682,7672.490413285281,8.694005190067664
942.0480276819583,3265924.5119089526,5931288.06268058,7672.490413285291,8.694005190067676
952.0480276819583,3198506.486153027,5967913.978771965,7672.490413285302,8.694005190067688
962.0480276819583,3130677.7746129166,6003773.619277251,7672.490413285311,8.694005190067703
972.0480276819583,3062447.0864432566,6038862.3798460495,7672.490413285321,8.694005190067713
982.0480276819583,2993823.182412173,6073175.755108366,7672.49041328533,8.694005190067722
992.0480276819583,2924814.873776409,6106709.339253086,7672.490413285339,8.694005190067731
1002.0480276819583,2855431.0211499627,6139458.826593677,7672.490413285348,8.694005190067742
1012.0480276819583,2785680.533366394,6171420.012121035,7672.490413285357,8.694005190067752
1022.0480276819583,2715572.3663349375,6202588.792043407,7672.490413285364,8.694005190067761
1032.0480276819583,2645115.521890567,6232961.164313314,7672.490413285373,8.694005190067768
1042.0480276819583,2574319.046638171,6262533.229141406,7672.490413285381,8.694005190067774
1052.0480276819583,2503192.0307909735,6291301.189497199,7672.490413285388,8.694005190067783
1062.0480276819583,2431743.6070033573,6319261.351596607,7672.490413285395,8.694005190067791
1072.0480276819583,2359982.9491982386,6346410.125376222,7672.490413285403,8.694005190067795
1082.0480276819583,2287919.271389143,6372744.024954273,7672.490413285409,8.694005190067799
1092.0480276819583,2215561.826497133,6398259.669078216,7672.490413285415,8.694005190067806
1102.0480276819583,2142919.9051627377,6422953.781558879,7672.490413285422,8.694005190067806
1112.0480276819583,2070002.834553046,6446823.191691123,7672.490413285428,8.694005190067811
1122.0480276819583,1996819.9771641016,6469864.834660961,7672.490413285433,8.694005190067813
1132.0480276819583,1923380.7296187677,6492075.751939076,7672.490413285438,8.694005190067811
1142.0480276819583,1849694.5214602074,6513453.091660692,7672.4904132854435,8.694005190067811
1152.0480276819583,1775770.8139411372,6533994.108991755,7672.490413285447,8.694005190067816
1162.0480276819583,1701619.0988090097,6553696.166481365,7672.490413285453,8.694005190067815
1172.0480276819583,1627248.8970872806,6572556.734400424,7672.490413285456,8.694005190067813
1182.0480276819583,1552669.7578529164,6590573.391066449,7672.490413285461,8.694005190067815
1192.0480276819583,1477891.2570103002,6607743.8231545165,7672.490413285465,8.694005190067815
1202.0480276819583,1402922.996061693,6624065.825994292,7672.490413285468,8.694005190067811
1212.0480276819583,1327774.6008744081,6639537.303853107,7672.490413285471,8.694005190067807
1222.0480276819583,1252455.7204448576,6654156.270205047,7672.4904132854745,8.69400519006781
1232.0480276819583,1176976.0256596273,6667920.847986026,7672.490413285476,8.694005190067804
1242.0480276819583,1101345.208053744,6680829.269834793,7672.490413285479,8.694005190067795
1252.0480276819583,1025572.9785662885,6692879.878319866,7672.490413285481,8.694005190067791
1262.0480276819583,949669.066293519,6704071.126152339,7672.490413285483,8.694005190067783
1272.0480276819583,873643.2172396628,6714401.57638456,7672.490413285484,8.694005190067779
1282.0480276819583,797505.1930655361,6723869.902594627,7672.4904132854845,8.69400519006777
1292.0480276819583,721264.769835155,6732474.889056702,7672.490413285486,8.694005190067763
1302.0480276819583,644931.7367604959,6740215.430897113,7672.490413285487,8.694005190067756
1312.0480276819583,568515.8949445684,6747090.534236212,7672.490413285487,8.69400519006774
1322.0480276819583,492027.05612296105,6753099.316315994,7672.490413285487,8.694005190067733
1332.0480276819583,415475.04140402196,6758241.00561344,7672.490413285487,8.694005190067722
1342.0480276819583,338869.68000783614,6762514.941939579,7672.490413285486,8.694005190067713
1352.0480276819583,262220.80800416117,6765920.576524261,7672.490413285485,8.694005190067703
1362.0480276819583,185538.26704948323,6768457.472086612,7672.490413285484,8.694005190067687
1372.0480276819583,108831.90312335611,6770125.302891184,7672.490413285483,8.694005190067674
1382.0480276819583,32111.565264184872,6770923.854789777,7672.490413285481,8.694005190067658
1392.0480276819583,-44612.89569538309,6770853.025248939,7672.490413285479,8.694005190067644
1402.0480276819583,-121331.62839329752,6769912.82336313,7672.490413285476,8.69400519006763
1412.0480276819583,-198034.7822030125,6768103.3698535515,7672.4904132854745,8.694005190067614
1422.0480276819583,-274712.50849829946,6765424.897052649,7672.490413285471,8.694005190067598
1432.0480276819583,-351354.9619178032,6761877.748874281,7672.490413285467,8.694005190067582
1442.0480276819583,-427952.30162917887,6757462.380769555,7672.4904132854645,8.694005190067564
1452.0480276819583,-504494.69259264704,6752179.359668359,7672.490413285461,8.694005190067546
1462.0480276819583,-580972.3068238056,6746029.363906556,7672.490413285456,8.694005190067529
1472.0480276819583,-657375.324655535,6739013.183138893,7672.490413285452,8.694005190067507
1482.0480276819583,-733693.9359988368,6731131.7182376105,7672.490413285447,8.694005190067486
1492.0480276819583,-809918.3416024403,6722385.981176768,7672.490413285442,8.694005190067465
1502.0480276819583,-886038.7543110205,6712777.094902309,7672.490413285436,8.694005190067443
1512.0480276819583,-962045.4003218599,6702306.293187873,7672.490413285432,8.694005190067424
1522.0480276819583,-1037928.520439798,6690974.920476387,7672.490413285425,8.694005190067394
1532.0480276819583,-1113678.3713303048,6678784.431707431,7672.490413285419,8.694005190067374
1542.0480276819583,-1189285.2267705163,6665736.39213043,7672.490413285413,8.694005190067346
1552.0480276819583,-1264739.3788980755,6651832.477103678,7672.490413285405,8.69400519006732
1562.0480276819583,-1340031.1394576137,6637074.471879219,7672.490413285399,8.694005190067294
1572.0480276819583,-1415150.8410447151,6621464.271373626,7672.490413285391,8.69400519006727
1582.0480276819583,-1490088.8383472045,6605003.879924693,7672.4904132853835,8.694005190067239
1592.0480276819583,-1564835.5093835972,6587695.411034082,7672.490413285375,8.69400519006721
1602.0480276819583,-1639381.256738555,6569541.087095947,7672.490413285367,8.694005190067177
1612.0480276819583,-1713716.5087951864,6550543.239111584,7672.490413285359,8.694005190067152
1622.0480276819583,-1787831.7209640355,6530704.306390129,7672.490413285351,8.69400519006712
1632.0480276819583,-1861717.376908599,6510026.8362353565,7672.490413285341,8.694005190067092
1642.0480276819583,-1935363.9897672173,6488513.483618605,7672.490413285333,8.694005190067061
1652.0480276819583,-2008762.1033711801,6466167.01083788,7672.490413285323,8.694005190067026
1662.0480276819583,-2081902.2934588909,6442990.287163179,7672.490413285313,8.694005190066996
1672.0480276819583,-2154775.1688859356,6418986.288468081,7672.490413285303,8.694005190066962
1682.0480276819583,-2227371.372830897,6394158.0968476385,7672.490413285292,8.694005190066932
1692.0480276819583,-2299681.583996766,6368508.900222651,7672.490413285281,8.694005190066896
1702.0480276819583,-2371696.517807786,6342041.991930327,7672.49041328527,8.694005190066864
1712.0480276819583,-2443406.927601587,6314760.770301432,7672.490413285259,8.694005190066823
1722.0480276819583,-2514803.60581645,6286668.738223936,7672.490413285248,8.694005190066788
1732.0480276819583,-2585877.3851735503,6257769.502693253,7672.490413285236,8.69400519006675
1742.0480276819583,-2656619.1398540298,6228066.774349099,7672.490413285223,8.694005190066715
1752.0480276819583,-2727019.786670744,6197564.366999056,7672.490413285212,8.694005190066672
1762.0480276819583,-2797070.2862345376,6166266.197128876,7672.490413285198,8.694005190066635
1772.0480276819583,-2866761.644114894,6134176.28339961,7672.490413285185,8.694005190066594
1782.0480276819583,-2936084.911994814,6101298.746131614,7672.490413285172,8.694005190066553
1792.0480276819583,-3005031.188819773,6067637.806775503,7672.490413285158,8.69400519006651
1802.0480276819583,-3073591.6219406086,6033197.787370121,7672.490413285144,8.694005190066473
1812.0480276819583,-3141757.408250195,5997983.109987595,7672.490413285131,8.694005190066429
1822.0480276819583,-3209519.795313755,5961998.296165542,7672.490413285116,8.694005190066386
1832.0480276819583,-3276870.082492666,5925247.966326507,7672.490413285102,8.694005190066342
1842.0480276819583,-3343799.6220616135,5887736.839184708,7672.490413285086,8.6940051900663
1852.0480276819583,-3410299.820318956,5849469.7311401535,7672.490413285072,8.694005190066257
1862.0480276819583,-3476362.138690147,5810451.55566022,7672.490413285056,8.694005190066212
1872.0480276819583,-3541978.0948240818,5770687.322648768,7672.490413285041,8.694005190066164
1882.0480276819583,-3607139.2636822257,5730182.137802876,7672.490413285024,8.694005190066122
1892.0480276819583,-3671837.278620382,5688941.201957268,7672.490413285008,8.694005190066076
1902.0480276819583,-3736063.832462962,5646969.810416535,7672.4904132849915,8.694005190066024
1912.0480276819583,-3799810.678569622,5604273.352275218,7672.490413284975,8.694005190065974
1922.0480276819583,-3863069.6318941233,5560857.309725857,7672.490413284958,8.694005190065926
1932.0480276819583,-3925832.5700352876,5516727.257355078,7672.4904132849415,8.69400519006588
1942.0480276819583,-3988091.434279906,5471888.861427821,7672.490413284923,8.694005190065829
1952.0480276819583,-4049838.2306374726,5426347.879159797,7672.490413284906,8.694005190065779
1962.0480276819583,-4111065.030866605,5380110.157978265,7672.490413284888,8.69400519006573
1972.0480276819583,-4171763.973493027,5333181.634771226,7672.490413284871,8.69400519006568
1982.0480276819583,-4231927.264818974,5285568.335125135,7672.490413284851,8.694005190065626
1992.0480276819583,-4291547.179923898,5237276.372551216,7672.490413284832,8.694005190065567
2002.0480276819583,-4350616.06365634,5188311.947700491,7672.490413284814,8.694005190065518
2012.0480276819583,-4409126.331616852,5138681.347567628,7672.490413284794,8.694005190065466
2022.0480276819583,-4467070.47113182,5088390.944683689,7672.490413284775,8.694005190065406
2032.0480276819583,-4524441.04221809,5037447.196297903,7672.490413284756,8.694005190065356
2042.0480276819583,-4581230.678538254,4985856.643548562,7672.490413284735,8.694005190065301
2052.048027681958,-4637432.088346484,4933625.910623146,7672.490413284715,8.694005190065242
2062.048027681958,-4693038.055424788,4880761.703907775,7672.490413284695,8.694005190065187
2072.048027681958,-4748041.440009561,4827270.81112612,7672.490413284674,8.69400519006513
2082.048027681958,-4802435.179708332,4773160.100467866,7672.490413284653,8.69400519006507
2092.048027681958,-4856212.290406563,4718436.519706836,7672.490413284631,8.694005190065011
2102.048027681958,-4909365.867164412,4663107.0953089055,7672.490413284611,8.694005190064955
2112.048027681958,-4961889.0851033125,4607178.931529809,7672.490413284589,8.694005190064898
2122.048027681958,-5013775.200282293,4550659.20950296,7672.490413284567,8.694005190064837
2132.048027681958,-5065017.550563887,4493555.186317397,7672.490413284545,8.694005190064773
2142.048027681958,-5115609.556469545,4435874.194085983,7672.490413284522,8.694005190064711
2152.048027681958,-5165544.722024441,4377623.6390039595,7672.4904132844995,8.69400519006465
2162.048027681958,-5214816.635591545,4318811.000398006,7672.490413284477,8.69400519006459
2172.048027681958,-5263418.970694876,4259443.829765896,7672.490413284455,8.694005190064528
2182.048027681958,-5311345.486831815,4199529.749806889,7672.490413284431,8.694005190064466
2192.048027681958,-5358590.03027438,4139076.4534429847,7672.490413284408,8.6940051900644
2202.048027681958,-5405146.534859361,4078091.702831155,7672.490413284385,8.694005190064338
2212.048027681958,-5451009.022767212,4016583.3283666917,7672.49041328436,8.694005190064274
2222.048027681958,-5496171.605289595,3954559.2276777877,7672.490413284337,8.694005190064209
2232.048027681958,-5540628.483585489,3892027.3646114883,7672.490413284314,8.694005190064146
2242.048027681958,-5584373.949425755,3828995.76821114,7672.4904132842885,8.694005190064082
2252.048027681958,-5627402.385926069,3765472.531685466,7672.490413284264,8.69400519006402
2262.048027681958,-5669708.268268125,3701465.8113694056,7672.49041328424,8.694005190063953
2272.048027681958,-5711286.164409018,3636983.825676847,7672.490413284215,8.694005190063884
2282.048027681958,-5752130.735778714,3572034.854045388,7672.490413284189,8.694005190063818
2292.048027681958,-5792236.737965517,3506627.2358732643,7672.490413284164,8.694005190063752
2302.048027681958,-5831599.02138945,3440769.369448576,7672.490413284138,8.694005190063683
2312.048027681958,-5870212.5319634555,3374469.710870954,7672.490413284114,8.694005190063612
2322.048027681958,-5908072.3117423365,3307736.7729658037,7672.4904132840875,8.694005190063546
2332.048027681958,-5945173.499559353,3240579.124191264,7672.490413284061,8.694005190063475
2342.048027681958,-5981511.331650393,3173005.387538025,7672.490413284035,8.694005190063402
2352.048027681958,-6017081.142265635,3105024.239422141,7672.490413284009,8.694005190063338
2362.048027681958,-6051878.364268625,3036644.408570987,7672.490413283982,8.694005190063269
2372.048027681958,-6085898.529722699,2967874.6749024955,7672.490413283956,8.694005190063194
2382.048027681958,-6119137.270464656,2898723.868397822,7672.490413283929,8.694005190063125
2392.048027681958,-6151590.318665631,2829200.8679675837,7672.490413283902,8.694005190063056
2402.048027681958,-6183253.50737908,2759314.6003118115,7672.490413283875,8.694005190062983
2412.048027681958,-6214122.771075812,2689074.038773771,7672.490413283848,8.694005190062908
2422.048027681958,-6244194.1461660005,2618488.20218779,7672.490413283821,8.694005190062837
2432.048027681958,-6273463.771508105,2547566.153721249,7672.490413283793,8.694005190062766
2442.048027681958,-6301927.8889046395,2476316.9997108765,7672.4904132837655,8.694005190062693
2452.048027681958,-6329582.843584721,2404749.8884935016,7672.490413283738,8.694005190062619
2462.048027681958,-6356425.0846733395,2332874.009231416,7672.49041328371,8.694005190062546
2472.048027681958,-6382451.16564729,2260698.590732492,7672.490413283682,8.694005190062471
2482.048027681958,-6407657.744777698,2188232.900265211,7672.490413283654,8.694005190062397
2492.048027681958,-6432041.585559102,2115486.2423687517,7672.4904132836255,8.694005190062322
2502.048027681958,-6455599.557125011,2042467.9576582967,7672.490413283597,8.69400519006225
2512.048027681958,-6478328.634649913,1969187.421625703,7672.490413283568,8.694005190062175
2522.048027681958,-6500225.899737652,1895654.0434356972,7672.49041328354,8.6940051900621
2532.048027681958,-6521288.540796157,1821877.2647177447,7672.490413283511,8.694005190062022
2542.048027681958,-6541513.853398439,1747866.5583537524,7672.490413283483,8.694005190061947
2552.048027681958,-6560899.2406298425,1673631.4272617584,7672.490413283454,8.694005190061873
2562.048027681958,-6579442.21342149,1599181.4031757633,7672.4904132834245,8.694005190061796
2572.048027681958,-6597140.390869869,1524526.0454218644,7672.490413283394,8.694005190061723
2582.048027681958,-6613991.500542545,1449674.9396908442,7672.490413283366,8.694005190061642
2592.048027681958,-6629993.378769936,1374637.6968073759,7672.490413283337,8.694005190061567
2602.048027681958,-6645143.970923129,1299423.9514960004,7672.490413283308,8.694005190061494
2612.048027681958,-6659441.331677688,1224043.3611440356,7672.490413283278,8.694005190061413
2622.048027681958,-6672883.62526344,1148505.6045615743,7672.490413283249,8.694005190061338
2632.048027681958,-6685469.125700179,1072820.3807387333,7672.490413283219,8.694005190061258
2642.048027681958,-6697196.217019282,996997.4076003102,7672.49041328319,8.694005190061182
2652.048027681958,-6708063.393471203,921046.420758009,7672.490413283161,8.694005190061102
2662.048027681958,-6718069.259718805,844977.1722603956,7672.49041328313,8.694005190061025
2672.048027681958,-6727212.53101652,768799.4293407418,7672.4904132831,8.69400519006095
2682.048027681958,-6735492.033375316,692522.9731629202,7672.49041328307,8.694005190060867
2692.048027681958,-6742906.703713427,616157.59756551,7672.490413283041,8.694005190060793
2702.048027681958,-6749455.5899928585,539713.1078042758,7672.49041328301,8.694005190060711
2712.048027681958,-6755137.851341625,463199.3192931805,7672.49041328298,8.694005190060635
2722.048027681958,-6759952.758161719,386626.0563440931,7672.49041328295,8.694005190060553
2732.048027681958,-6763899.692222793,310003.1509053552,7672.49041328292,8.694005190060476
2742.048027681958,-6766978.146741533,233340.44129936607,7672.490413282889,8.6940051900604
2752.048027681958,-6769187.726446737,156647.77095934935,7672.490413282859,8.694005190060317
2762.048027681958,-6770528.147630061,79934.98716546415,7672.490413282828,8.694005190060238
2772.048027681958,-6770999.2381824525,3211.9397804216132,7672.490413282798,8.69400519006016
2782.048027681958,-6770600.937616245,-73511.52001522985,7672.490413282768,8.694005190060079
2792.048027681958,-6769333.297072926,-150225.5409879886,7672.490413282737,8.694005190060002
2802.048027681958,-6767196.47931657,-226920.27311629074,7672.490413282707,8.694005190059924
2812.048027681958,-6764190.758712943,-303585.8688552451,7672.490413282677,8.694005190059846
2822.048027681958,-6760316.521194268,-380212.4844010507,7672.490413282647,8.694005190059762
2832.048027681958,-6755574.264209677,-456790.28095493343,7672.490413282617,8.694005190059684
2842.048027681958,-6749964.596661337,-533309.4259864404,7672.490413282586,8.694005190059604
2852.048027681958,-6743488.238826265,-609760.0944959293,7672.490413282556,8.694005190059528
2862.048027681958,-6736146.02226385,-686132.4702760909,7672.490413282525,8.694005190059448
2872.048027681958,-6727938.889709078,-762416.7471723424,7672.490413282494,8.694005190059373
2882.048027681958,-6718867.894951485,-838603.1303419302,7672.490413282464,8.694005190059292
2892.048027681958,-6708934.202699855,-914681.8375115804,7672.490413282434,8.694005190059213
2902.048027681958,-6698139.088432668,-990643.1002335349,7672.490413282403,8.694005190059135
2912.048027681958,-6686483.938234331,-1066477.165139813,7672.490413282373,8.694005190059057
2922.048027681958,-6673970.248617207,-1142174.2951945357,7672.490413282342,8.694005190058977
2932.048027681958,-6660599.626329463,-1217724.7709441548,7672.490413282312,8.694005190058894
2942.048027681958,-6646373.7881487645,-1293118.891765422,7672.490413282282,8.694005190058816
2952.048027681958,-6631294.560661844,-1368346.9771109424,7672.490413282251,8.694005190058736
2962.048027681958,-6615363.880029966,-1443399.3677521488,7672.49041328222,8.69400519005866
2972.048027681958,-6598583.791740328,-1518266.42701954,7672.49041328219,8.694005190058581
2982.048027681958,-6580956.450343421,-1592938.542040021,7672.49041328216,8.694005190058498
2992.048027681958,-6562484.119176384,-1667406.1249711886,7672.49041328213,8.694005190058423
3002.048027681958,-6543169.170072399,-1741659.614232404,7672.490413282099,8.694005190058343
3012.048027681958,-6523014.0830561435,-1815689.475732491,7672.490413282069,8.694005190058265
3022.048027681958,-6502021.44602536,-1889486.2040939073,7672.490413282039,8.694005190058185
3032.048027681958,-6480193.9544185735,-1963040.3238732268,7672.490413282009,8.694005190058107
3042.048027681958,-6457534.410868995,-2036342.3907777795,7672.490413281979,8.694005190058029
3052.048027681958,-6434045.72484467,-2109382.992878292,7672.490413281949,8.694005190057952
3062.048027681958,-6409730.912274901,-2182152.7518173717,7672.490413281918,8.694005190057876
3072.048027681958,-6384593.095163008,-2254642.3240136793,7672.490413281889,8.6940051900578
3082.048027681958,-6358635.501185465,-2326842.40186164,7672.490413281859,8.694005190057723
3092.048027681958,-6331861.463277465,-2398743.7149265315,7672.490413281829,8.694005190057645
3102.048027681958,-6304274.419204979,-2470337.031134801,7672.490413281799,8.694005190057565
3112.048027681958,-6275877.9111233475,-2541613.1579594556,7672.49041328177,8.69400519005749
3122.048027681958,-6246675.585122468,-2612562.9436003775,7672.49041328174,8.694005190057414
3132.048027681958,-6216671.190758643,-2683177.278159406,7672.490413281711,8.694005190057334
3142.048027681958,-6185868.580573139,-2753447.0948100435,7672.490413281682,8.69400519005726
3152.048027681958,-6154271.709597522,-2823363.370961627,7672.490413281653,8.694005190057183
3162.048027681958,-6121884.634845837,-2892917.129417824,7672.490413281624,8.694005190057105
3172.048027681958,-6088711.5147936875,-2962099.439529296,7672.490413281595,8.69400519005703
3182.048027681958,-6054756.608844292,-3030901.4183403873,7672.490413281566,8.694005190056957
3192.048027681958,-6020024.276781581,-3099314.231729691,7672.490413281537,8.694005190056878
3202.048027681958,-5984518.978210402,-3167329.095544341,7672.490413281509,8.694005190056806
3212.048027681958,-5948245.2719839085,-3234937.2767278934,7672.490413281481,8.694005190056728
3222.048027681958,-5911207.815618211,-3302130.094441642,7672.490413281453,8.694005190056656
3232.048027681958,-5873411.364694354,-3368898.921179232,7672.4904132814245,8.694005190056581
3242.048027681958,-5834860.772247699,-3435235.1838744264,7672.490413281395,8.694005190056506
3252.048027681958,-5795560.988144805,-3501130.3650018782,7672.490413281368,8.694005190056433
3262.048027681958,-5755517.058447863,-3566576.0036707777,7672.49041328134,8.694005190056357
3272.048027681958,-5714734.124766791,-3631563.696711222,7672.490413281312,8.694005190056288
3282.048027681958,-5673217.423599052,-3696085.0997531773,7672.490413281285,8.694005190056215
3292.048027681958,-5630972.285657293,-3760131.9282978866,7672.490413281257,8.69400519005614
3302.048027681958,-5588004.135184884,-3823695.9587815967,7672.49041328123,8.69400519005607
3312.048027681958,-5544318.489259452,-3886769.029631456,7672.4904132812035,8.694005190056
3322.048027681958,-5499920.957084489,-3949343.0423134523,7672.490413281176,8.694005190055924
3332.048027681958,-5454817.239269138,-4011409.962372262,7672.490413281149,8.694005190055854
3342.048027681958,-5409013.127096237,-4072961.8204628653,7672.4904132811225,8.694005190055783
3352.048027681958,-5362514.501778723,-4133990.7133738045,7672.490413281096,8.69400519005571
3362.048027681958,-5315327.333704489,-4194488.805041951,7672.49041328107,8.694005190055645
3372.048027681958,-5267457.681669793,-4254448.32755865,7672.490413281043,8.694005190055572
3382.048027681958,-5218911.692101308,-4313861.582167111,7672.490413281017,8.6940051900555
3392.048027681958,-5169695.59826693,-4372720.9402509285,7672.490413280992,8.694005190055433
3402.048027681958,-5119815.71947543,-4431018.844313583,7672.490413280965,8.694005190055368
3412.048027681958,-5069278.460265059,-4488747.808948824,7672.490413280941,8.694005190055297
3422.048027681958,-5018090.30958121,-4545900.421801788,7672.490413280914,8.694005190055229
3432.048027681958,-4966257.839943243,-4602469.3445207365,7672.49041328089,8.694005190055163
3442.048027681958,-4913787.70660058,-4658447.3136993,7672.490413280864,8.694005190055096
3452.048027681958,-4860686.646678173,-4713827.141809091,7672.490413280841,8.69400519005503
3462.048027681958,-4806961.478311464,-4768601.718122575,7672.490413280815,8.694005190054964
3472.048027681958,-4752619.099770942,-4822764.009626089,7672.490413280791,8.694005190054897
3482.048027681958,-4697666.4885764085,-4876307.061922865,7672.490413280767,8.694005190054833
3492.048027681958,-4642110.700601072,-4929224.000125981,7672.490413280743,8.694005190054764
3502.048027681958,-4585958.869165578,-4981508.029741081,7672.490413280719,8.694005190054702
3512.048027681958,-4529218.204122094,-5033152.43753879,7672.490413280695,8.69400519005464
3522.048027681958,-4471895.990928575,-5084150.592416682,7672.490413280671,8.694005190054574
3532.048027681958,-4413999.589713311,-5134495.946250714,7672.490413280649,8.694005190054511
3542.048027681958,-4355536.434329894,-5184182.034735996,7672.490413280626,8.69400519005445
3552.048027681958,-4296514.031402721,-5233202.478216804,7672.490413280602,8.694005190054389
3562.048027681958,-4236939.95936314,-5281550.982505721,7672.49041328058,8.694005190054327
3572.048027681958,-4176821.8674763953,-5329221.339691812,7672.490413280557,8.694005190054266
3582.048027681958,-4116167.4748594607,-5376207.428937708,7672.490413280535,8.694005190054206
3592.048027681958,-4054984.569489914,-5422503.21726552,7672.490413280513,8.694005190054146
3602.048027681958,-3993281.007205966,-5468102.7603314705,7672.49041328049,8.694005190054082
3612.048027681958,-3931064.7106977757,-5513000.203189137,7672.490413280469,8.694005190054025
3622.048027681958,-3868343.668490185,-5557189.781041229,7672.490413280447,8.694005190053966
3632.048027681958,-3805125.933916997,-5600665.819979779,7672.490413280427,8.69400519005391
3642.048027681958,-3741419.624086934,-5643422.7377146715,7672.490413280405,8.694005190053852
3652.048027681958,-3677232.9188414076,-5685455.044290402,7672.490413280385,8.694005190053796
3662.048027681958,-3612574.0597042325,-5726757.342790985,7672.490413280364,8.694005190053737
3672.048027681958,-3547451.3488234216,-5767324.33003291,7672.490413280344,8.694005190053682
3682.048027681958,-3481873.1479051975,-5807150.797246074,7672.490413280325,8.694005190053623
3692.048027681958,-3415847.8771403534,-5846231.630742576,7672.490413280304,8.69400519005357
3702.048027681958,-3349384.01412311,-5884561.812573312,7672.490413280285,8.694005190053518
3712.048027681958,-3282490.092762597,-5922136.42117228,7672.490413280267,8.694005190053465
3722.048027681958,-3215174.7021871055,-5958950.631988501,7672.490413280247,8.69400519005341
3732.048027681958,-3147446.4856412522,-5994999.71810549,7672.490413280228,8.694005190053359
3742.048027681958,-3079314.139376192,-6030279.050848188,7672.490413280209,8.694005190053307
3752.048027681958,-3010786.411533025,-6064784.1003772775,7672.49041328019,8.69400519005325
3762.048027681958,-2941872.1010195455,-6098510.436270815,7672.490413280173,8.694005190053202
3772.048027681958,-2872580.056380465,-6131453.728093092,7672.490413280156,8.69400519005315
3782.048027681958,-2802919.174661269,-6163609.745950658,7672.490413280138,8.694005190053097
3792.048027681958,-2732898.40026584,-6194974.361035436,7672.490413280119,8.69400519005305
3802.048027681958,-2662526.7238080055,-6225543.546154863,7672.490413280103,8.694005190053003
3812.048027681958,-2591813.1809571497,-6255313.376248971,7672.490413280086,8.694005190052952
3822.048027681958,-2520766.851278039,-6284280.028894366,7672.490413280069,8.694005190052906
3832.048027681958,-2449396.8570650145,-6312439.7847950235,7672.490413280053,8.69400519005286
3842.048027681958,-2377712.3621706953,-6339789.028259845,7672.490413280037,8.694005190052813
3852.048027681958,-2305722.5708293472,-6366324.2476669075,7672.490413280022,8.694005190052762
3862.048027681958,-2233436.726475066,-6392042.035914351,7672.490413280006,8.69400519005272
3872.048027681958,-2160864.110554928,-6416939.090857855,7672.49041327999,8.694005190052678
3882.048027681958,-2088014.0413372589,-6441012.215734624,7672.490413279976,8.69400519005263
3892.048027681958,-2014895.8727151756,-6464258.319573854,7672.490413279961,8.69400519005259
3902.048027681958,-1941518.9930055528,-6486674.417593608,7672.4904132799475,8.694005190052547
3912.048027681958,-1867892.823743571,-6508257.631584059,7672.490413279933,8.694005190052502
3922.048027681958,-1794026.8184729987,-6529005.190277057,7672.490413279918,8.69400519005246
3932.048027681958,-1719930.461532364,-6548914.429701948,7672.490413279906,8.694005190052422
3942.048027681958,-1645613.2668371727,-6567982.79352763,7672.490413279891,8.694005190052382
3952.048027681958,-1571084.77665833,-6586207.833390788,7672.490413279879,8.694005190052343
3962.048027681958,-1496354.560396919,-6603587.209210255,7672.4904132798665,8.694005190052302
3972.048027681958,-1421432.2133554975,-6620118.689487481,7672.490413279854,8.694005190052264
3982.048027681958,-1346327.355506068,-6635800.151593053,7672.490413279841,8.694005190052229
3992.048027681958,-1271049.630254882,-6650629.582039243,7672.49041327983,8.694005190052188
4002.048027681958,-1195608.7032042316,-6664605.076738534,7672.490413279818,8.694005190052154
4012.048027681958,-1120014.2609113962,-6677724.841248105,7672.490413279807,8.694005190052115
4022.048027681958,-1044276.0096448944,-6689987.191000238,7672.4904132797965,8.694005190052078
4032.048027681958,-968403.6741382066,-6701390.551518612,7672.490413279786,8.694005190052046
4042.048027681958,-892406.9963411276,-6711933.458620465,7672.490413279775,8.694005190052014
4052.048027681958,-816295.7341689065,-6721614.558604599,7672.490413279765,8.694005190051977
4062.048027681958,-740079.6602493388,-6730432.608425186,7672.490413279755,8.694005190051948
4072.048027681958,-663768.5606679681,-6738386.475851379,7672.490413279746,8.694005190051913
4082.048027681958,-587372.2337115601,-6745475.1396126915,7672.4904132797365,8.69400519005188
4092.048027681958,-510900.4886100104,-6751697.689530121,7672.490413279726,8.694005190051854
4102.048027681958,-434363.14427684643,-6757053.326633024,7672.490413279717,8.694005190051822
4112.048027681958,-357770.028048487,-6761541.363261695,7672.49041327971,8.694005190051794
4122.048027681958,-281130.9744224193,-6765161.223155668,7672.490413279701,8.694005190051763
4132.048027681958,-204455.82379445754,-6767912.441527703,7672.490413279693,8.694005190051735
4142.048027681958,-127754.42119524303,-6769794.665123467,7672.4904132796855,8.694005190051708
4152.048027681958,-51036.61502615029,-6770807.652266893,7672.490413279678,8.694005190051678
4162.048027681958,25687.744205240422,-6770951.272891205,7672.490413279671,8.694005190051653
4172.048027681958,102408.80514994066,-6770225.508555626,7672.490413279665,8.694005190051625
4182.048027681958,179116.71688245944,-6768630.45244774,7672.490413279657,8.6940051900516
4192.048027681958,255801.63016565458,-6766166.309371532,7672.490413279652,8.694005190051575
4202.048027681958,332453.6987153672,-6762833.395721084,7672.490413279646,8.69400519005155
4212.048027681958,409063.08046467695,-6758632.13943996,7672.49041327964,8.69400519005153
4222.048027681958,485619.93882761616,-6753563.079966249,7672.490413279635,8.69400519005151
4232.048027681958,562114.4439621796,-6747626.868163306,7672.490413279629,8.694005190051485
4242.048027681958,638536.7740324689,-6740824.266236183,7672.490413279625,8.694005190051465
4252.048027681958,714877.1164698086,-6733156.147633759,7672.49041327962,8.694005190051444
4262.048027681958,791125.6692326728,-6724623.496936593,7672.490413279616,8.694005190051424
4272.048027681958,867272.6420652592,-6715227.4097305015,7672.490413279612,8.694005190051405
4282.048027681958,943308.2577545509,-6704969.092465889,7672.490413279608,8.694005190051385
4292.048027681958,1019222.7533857031,-6693849.862302838,7672.490413279605,8.694005190051373
4302.048027681958,1095006.3815955934,-6681871.146941991,7672.490413279601,8.694005190051351
4312.048027681958,1170649.4118243766,-6669034.484441228,7672.490413279599,8.694005190051335
4322.048027681958,1246142.1315648803,-6655341.523018188,7672.4904132795955,8.694005190051321
4332.048027681958,1321474.8476096836,-6640794.020838634,7672.490413279594,8.694005190051307
4342.048027681958,1396637.887295718,-6625393.84579071,7672.490413279593,8.694005190051293
4352.048027681958,1471621.5997462296,-6609142.975245102,7672.490413279592,8.694005190051282
4362.048027681958,1546416.3571099436,-6592043.495801147,7672.49041327959,8.694005190051268
4372.048027681958,1621012.5557972745,-6574097.603018915,7672.490413279589,8.694005190051257
4382.048027681958,1695400.617713418,-6555307.601137301,7672.490413279589,8.694005190051247
4392.048027681958,1769570.991488173,-6535675.902778162,7672.490413279589,8.694005190051234
4402.048027681958,1843514.153702328,-6515205.028636537,7672.490413279589,8.694005190051225
4412.048027681958,1917220.6101104626,-6493897.607156995,7672.490413279589,8.694005190051216
4422.048027681958,1990680.8968600004,-6471756.374196142,7672.49041327959,8.694005190051207
4432.048027681958,2063885.581706361,-6448784.1726713395,7672.490413279592,8.694005190051193
4442.048027681958,2136825.265224052,-6424983.952195677,7672.490413279592,8.694005190051184
4452.048027681958,2209490.5820135497,-6400358.768699243,7672.490413279594,8.69400519005118
4462.048027681958,2281872.2019038075,-6374911.784036745,7672.4904132795955,8.694005190051175
4472.048027681958,2353960.8311502435,-6348646.265581535,7672.490413279597,8.694005190051168
4482.048027681958,2425747.213628051,-6321565.585806074,7672.490413279601,8.694005190051167
4492.048027681958,2497222.1320206756,-6293673.221848913,7672.490413279603,8.69400519005116
4502.048027681958,2568376.4090033146,-6264972.75506823,7672.4904132796055,8.694005190051163
4512.048027681958,2639200.9084212757,-6235467.870581991,7672.490413279608,8.694005190051154
4522.048027681958,2709686.536463054,-6205162.356794774,7672.490413279612,8.694005190051156
4532.048027681958,2779824.242827969,-6174060.104911348,7672.4904132796155,8.694005190051152
4542.048027681958,2849605.021888219,-6142165.1084370455,7672.490413279619,8.694005190051152
4552.048027681958,2919019.9138451926,-6109481.462664996,7672.490413279624,8.69400519005115
4562.048027681958,2988060.0058799046,-6076013.364150296,7672.490413279628,8.694005190051152
4572.048027681958,3056716.4332973915,-6041765.110171173,7672.490413279633,8.694005190051154
4582.048027681958,3124980.380664933,-6006741.098177218,7672.490413279638,8.694005190051154
4592.048027681958,3192843.0829439475,-5970945.825224759,7672.490413279644,8.694005190051156
4602.048027681958,3260295.8266154146,-5934383.88739944,7672.49041327965,8.694005190051158
4612.048027681958,3327329.950798686,-5897059.979226086,7672.4904132796555,8.694005190051165
4622.048027681958,3393936.8483635355,-5858978.893065935,7672.490413279661,8.694005190051167
4632.048027681958,3460107.9670353066,-5820145.518501296,7672.490413279667,8.694005190051168
4642.048027681958,3525834.8104930194,-5780564.8417077325,7672.490413279674,8.694005190051175
4652.048027681958,3591108.939460292,-5740241.944813845,7672.490413279681,8.69400519005118
4662.048027681958,3655921.972788936,-5699182.0052487245,7672.490413279688,8.69400519005119
4672.048027681958,3720265.58853509,-5657390.295077179,7672.4904132796955,8.694005190051195
4682.048027681958,3784131.525027751,-5614872.180322798,7672.490413279703,8.694005190051206
4692.048027681958,3847511.5819295663,-5571633.120278968,7672.490413279712,8.694005190051211
4702.048027681958,3910397.6212897506,-5527678.6668078955,7672.490413279719,8.694005190051218
4712.048027681958,3972781.568588993,-5483014.4636277575,7672.490413279728,8.694005190051232
4722.048027681958,4034655.413776219,-5437646.245588049,7672.490413279737,8.694005190051236
4732.048027681958,4096011.2122970736,-5391579.837933235,7672.4904132797465,8.694005190051247
4742.048027681958,4156841.0861139987,-5344821.15555479,7672.490413279756,8.694005190051255
4752.048027681958,4217137.224717765,-5297376.202231737,7672.490413279765,8.69400519005127
4762.048027681958,4276891.886130336,-5249251.069859759,7672.490413279774,8.69400519005128
4772.048027681958,4336097.397898931,-5200451.937669012,7672.490413279784,8.694005190051294
4782.048027681958,4394746.1580811655,-5150985.071430709,7672.490413279795,8.69400519005131
4792.048027681958,4452830.63622113,-5100856.822652606,7672.490413279805,8.694005190051321
4802.048027681958,4510343.374316299,-5050073.627763471,7672.490413279816,8.694005190051337
4812.048027681958,4567276.98777513,-4998642.007286648,7672.4904132798265,8.694005190051353
4822.048027681958,4623624.166365241,-4946568.565002835,7672.490413279838,8.694005190051366
4832.048027681958,4679377.675152037,-4893859.987102156,7672.490413279848,8.694005190051385
4842.048027681958,4734530.355427674,-4840523.0413256595,7672.49041327986,8.694005190051397
4852.048027681958,4789075.125630226,-4786564.576096352,7672.490413279873,8.694005190051417
4862.048027681958,4843004.982252956,-4731991.519639862,7672.490413279885,8.694005190051435
4872.048027681958,4896313.0007435605,-4676810.879094858,7672.490413279897,8.694005190051453
4882.048027681958,4948992.336393275,-4621029.739613343,7672.49041327991,8.694005190051472
4892.048027681958,5001036.225215732,-4564655.263450922,7672.490413279923,8.694005190051488
4902.048027681958,5052437.9848154485,-4507694.689047177,7672.490413279935,8.69400519005151
4912.048027681958,5103191.015245844,-4450155.330096255,7672.490413279948,8.694005190051529
4922.048027681958,5153288.799856664,-4392044.574607796,7672.490413279961,8.69400519005155
4932.048027681958,5202724.906130718,-4333369.883958316,7672.490413279975,8.69400519005157
4942.048027681958,5251492.9865098065,-4274138.791933178,7672.490413279989,8.694005190051593
4952.048027681958,5299586.779209743,-4214358.903759251,7672.490413280004,8.694005190051612
4962.048027681958,5347000.1090243645,-4154037.895128413,7672.490413280018,8.694005190051636
4972.048027681958,5393726.88811842,-4093183.5112119922,7672.490413280032,8.694005190051659
4982.048027681958,5439761.116809245,-4031803.5656662965,7672.4904132800475,8.694005190051682
4992.048027681958,5485096.884337118,-3969905.939629344,7672.490413280062,8.694005190051705
5002.048027681958,5529728.369624196,-3907498.580708931,7672.4904132800775,8.694005190051728
5012.048027681958,5573649.842021935,-3844589.5019621677,7672.490413280093,8.694005190051753
5022.048027681958,5616855.662046904,-3781186.780866604,7672.490413280109,8.694005190051778
5032.048027681958,5659340.282104888,-3717298.55828309,7672.490413280125,8.6940051900518
5042.048027681958,5701098.247203197,-3652933.0374104963,7672.49041328014,8.694005190051831
5052.048027681958,5742124.19565108,-3588098.4827324264,7672.490413280156,8.694005190051854
5062.048027681958,5782412.859748164,-3522803.218956067,7672.490413280172,8.69400519005188
5072.048027681958,5821959.066460822,-3457055.6299433,7672.4904132801885,8.694005190051909
5082.048027681958,5860757.738086387,-3390864.1576342206,7672.490413280206,8.694005190051932
5092.048027681958,5898803.8929051235,-3324237.3009632,7672.490413280223,8.694005190051962
5102.048027681958,5936092.645819881,-3257183.6147676283,7672.490413280239,8.69400519005199
5112.048027681958,5972619.208983332,-3189711.7086894796,7672.490413280256,8.694005190052023
5122.048027681958,6008378.892412729,-3121830.2460698406,7672.490413280273,8.69400519005205
5132.048027681958,6043367.104592095,-3053547.9428365445,7672.490413280291,8.694005190052074
5142.048027681958,6077579.353061773,-2984873.5663850526,7672.490413280308,8.694005190052104
5152.048027681958,6111011.244995249,-2915815.9344527274,7672.490413280326,8.694005190052136
5162.048027681958,6143658.487763195,-2846383.913986641,7672.490413280345,8.694005190052168
5172.048027681958,6175516.889484632,-2776586.4200050673,7672.490413280362,8.694005190052195
5182.048027681958,6206582.359565168,-2706432.4144527996,7672.49041328038,8.694005190052229
5192.048027681958,6236850.909222227,-2635930.905050444,7672.490413280399,8.694005190052257
5202.048027681958,6266318.651997206,-2565090.9441378345,7672.490413280417,8.694005190052291
5212.048027681958,6294981.804254491,-2493921.6275117206,7672.490413280435,8.694005190052325
5222.048027681958,6322836.685667276,-2422432.093257873,7672.490413280454,8.694005190052357
5232.048027681958,6349879.719690112,-2350631.52057776,7672.490413280473,8.694005190052389
5242.048027681958,6376107.434018134,-2278529.128609947,7672.490413280492,8.69400519005242
5252.048027681958,6401516.4610329,-2206134.175246364,7672.49041328051,8.694005190052454
5262.048027681958,6426103.5382347945,-2133455.9559436003,7672.4904132805295,8.69400519005249
5272.048027681958,6449865.508661927,-2060503.802529375,7672.49041328055,8.694005190052524
5282.048027681958,6472799.321295485,-1987287.0820043378,7672.49041328057,8.69400519005256
5292.048027681958,6494902.031451485,-1913815.1953393524,7672.490413280589,8.694005190052588
5302.048027681958,6516170.801158863,-1840097.5762684196,7672.490413280608,8.694005190052621
5312.048027681958,6536602.899523871,-1766143.690077393,7672.490413280628,8.694005190052662
5322.048027681958,6556195.703080721,-1691963.0323886438,7672.490413280648,8.694005190052694
5332.048027681958,6574946.696128435,-1617565.1279418296,7672.490413280668,8.694005190052732
5342.048027681958,6592853.471053862,-1542959.5293709256,7672.490413280688,8.694005190052767
5352.048027681958,6609913.72864081,-1468155.8159776735,7672.490413280709,8.694005190052799
5362.048027681958,6626125.278365264,-1393163.5925016066,7672.49041328073,8.694005190052838
5372.048027681958,6641486.038676651,-1317992.4878868083,7672.49041328075,8.694005190052872
5382.048027681958,6655994.037265108,-1242652.1540455634,7672.490413280771,8.69400519005291
5392.048027681958,6669647.411314721,-1167152.2646190599,7672.4904132807915,8.694005190052943
5402.048027681958,6682444.407742715,-1091502.5137353004,7672.4904132808115,8.69400519005298
5412.048027681958,6694383.383424547,-1015712.6147643846,7672.490413280832,8.69400519005302
5422.048027681958,6705462.805404876,-939792.2990713186,7672.490413280852,8.694005190053055
5432.048027681958,6715681.251094405,-863751.3147665162,7672.490413280874,8.69400519005309
5442.048027681958,6725037.408452528,-787599.4254541484,7672.490413280895,8.694005190053128
5452.048027681958,6733530.076155804,-711346.4089785044,7672.490413280916,8.694005190053163
5462.048027681958,6741158.163752201,-635002.0561685235,7672.490413280937,8.694005190053204
5472.048027681958,6747920.691801112,-558576.1695806608,7672.490413280958,8.69400519005324
5482.048027681958,6753816.791999113,-482078.5622402456,7672.490413280979,8.694005190053275
5492.048027681958,6758845.70729145,-405519.0563814972,7672.490413281,8.694005190053316
5502.048027681958,6763006.791969252,-328907.48218635726,7672.490413281021,8.69400519005335
5512.048027681958,6766299.51175243,-252253.67652230192,7672.490413281042,8.69400519005339
5522.048027681958,6768723.443858286,-175567.48167929557,7672.490413281063,8.694005190053431
5532.048027681958,6770278.277055793,-98858.74410604846,7672.490413281084,8.694005190053469
5542.048027681958,6770963.8117055595,-22137.31314574006,7672.490413281105,8.694005190053506
5552.048027681958,6770779.95978546,54586.96022862893,7672.490413281127,8.694005190053547
5562.048027681958,6769726.744901939,131304.22467909404,7672.490413281149,8.694005190053582
5572.048027681958,6767804.302286984,208004.62976763124,7672.49041328117,8.694005190053621
5582.048027681958,6765012.878780754,284678.3272209457,7672.490413281191,8.694005190053659
5592.048027681958,6761352.83279989,361315.4721949824,7672.490413281213,8.6940051900537
5602.048027681958,6756824.634291494,437906.2245389968,7672.490413281233,8.694005190053737
5612.048027681958,6751428.864672788,514440.75005902257,7672.490413281254,8.694005190053772
5622.048027681958,6745166.21675646,590909.2217805744,7672.490413281277,8.694005190053812
5632.048027681958,6738037.494661708,667301.8212104242,7672.490413281299,8.694005190053852
5642.048027681958,6730043.613710992,743608.7395972881,7672.490413281321,8.69400519005389
5652.048027681958,6721185.600312506,819820.1791912625,7672.490413281342,8.694005190053927
5662.048027681958,6711464.591828389,895926.3545018476,7672.4904132813635,8.694005190053968
5672.048027681958,6700881.836428688,971917.4935543973,7672.4904132813845,8.694005190054003
5682.048027681958,6689438.692931095,1047783.8391448326,7672.490413281405,8.694005190054042
5692.048027681958,6677136.630626475,1123515.6500924597,7672.490413281426,8.69400519005408
5702.048027681958,6663977.22909021,1199103.20249073,7672.490413281448,8.69400519005412
5712.048027681958,6649962.177979383,1274536.7909557822,7672.49041328147,8.694005190054158
5722.048027681958,6635093.276815826,1349806.729872606,7672.490413281491,8.694005190054195
5732.048027681958,6619372.434755067,1424903.3546386678,7672.490413281512,8.694005190054236
5742.048027681958,6602801.670341191,1499817.0229048384,7672.490413281533,8.694005190054272
5752.048027681958,6585383.111247662,1574538.1158134632,7672.4904132815545,8.694005190054309
5762.048027681958,6567118.994004134,1649057.0392334159,7672.490413281576,8.694005190054348
5772.048027681958,6548011.663709278,1723364.224991978,7672.490413281597,8.694005190054387
5782.048027681958,6528063.573729677,1797450.132103384,7672.490413281618,8.694005190054426
5792.048027681958,6507277.285384812,1871305.2479938783,7672.490413281639,8.694005190054462
5802.048027681958,6485655.467618194,1944920.0897231207,7672.49041328166,8.694005190054499
5812.048027681958,6463200.896654671,2018285.2052017893,7672.490413281681,8.694005190054536
5822.048027681958,6439916.455643965,2091391.1744052218,7672.490413281702,8.694005190054572
5832.048027681958,6415805.134290475,2164228.6105829393,7672.490413281723,8.694005190054611
5842.048027681958,6390870.028469406,2236788.161463898,7672.490413281744,8.694005190054645
5852.048027681958,6365114.339829255,2309060.510457313,7672.490413281764,8.694005190054682
5862.048027681958,6338541.375380726,2381036.3778489027,7672.490413281784,8.694005190054721
5872.048027681958,6311154.547072111,2452706.5219923947,7672.490413281805,8.694005190054758
5882.048027681958,6282957.371351199,2524061.7404961493,7672.490413281826,8.694005190054789
5892.048027681958,6253953.468713767,2595092.8714047363,7672.490413281846,8.694005190054828
5902.048027681958,6224146.563238707,2665790.794375326,7672.4904132818665,8.694005190054863
5912.048027681958,6193540.482109866,2736146.4318487323,7672.4904132818865,8.694005190054897
5922.048027681958,6162139.155124628,2806150.7502149646,7672.4904132819065,8.694005190054932
5932.048027681958,6129946.61418934,2875794.760973137,7672.490413281926,8.69400519005497
5942.048027681958,6096966.992801611,2945069.5218855846,7672.4904132819465,8.694005190055003
5952.048027681958,6063204.5255195815,3013966.13812604,7672.4904132819665,8.694005190055034
5962.048027681958,6028663.547418202,3082475.7634217218,7672.490413281986,8.69400519005507
5972.048027681958,5993348.4935326185,3150589.6011891905,7672.490413282006,8.694005190055107
5982.048027681958,5957263.898288713,3218298.905663822,7672.490413282025,8.694005190055137
5992.048027681958,5920414.394920891,3285594.9830227564,7672.490413282044,8.694005190055176
6000.0,5890568.948234653,3338807.9408891546,7672.4904132820475,8.694005190055181
